dataset,algorithm,avg,max,min,recall,ivf_nprobe,epsilon,knn,n_queries,selectivity,num_measure_runs,avg_all,max_all,min_all,ms_nearest_bucket,ms_bounds_evaluation,ms_distance_calculation,ms_query_preprocessing,%_nearest_bucket,%_bounds_evaluation,%_distance_calculation,%_query_preprocessing
agnews-mxbai-1024-euclidean,adsampling,3.44727,7.90539,0.792204,0.9974,512,0,10,1000,0.2,1,3.613,15.3,0.7922,0,0,0,0,-nan,-nan,-nan,-nan
agnews-mxbai-1024-euclidean,adsampling,2.24712,5.07625,0.634338,0.9958,256,0,10,1000,0.2,1,2.366,8.278,0.6343,0,0,0,0,-nan,-nan,-nan,-nan
agnews-mxbai-1024-euclidean,adsampling,2.05727,4.67808,0.52851,0.9953,224,0,10,1000,0.2,1,2.155,8.182,0.5285,0,0,0,0,-nan,-nan,-nan,-nan
agnews-mxbai-1024-euclidean,adsampling,1.78965,4.12214,0.455474,0.9948,192,0,10,1000,0.2,1,1.867,6.741,0.4555,0,0,0,0,-nan,-nan,-nan,-nan
agnews-mxbai-1024-euclidean,adsampling,1.60315,3.63627,0.414947,0.9939,160,0,10,1000,0.2,1,1.672,5.686,0.4149,0,0,0,0,-nan,-nan,-nan,-nan
agnews-mxbai-1024-euclidean,adsampling,1.53713,3.55452,0.459451,0.9934,144,0,10,1000,0.2,1,1.608,5.815,0.4595,0,0,0,0,-nan,-nan,-nan,-nan
agnews-mxbai-1024-euclidean,adsampling,1.39276,3.19182,0.374892,0.9931,128,0,10,1000,0.2,1,1.454,4.819,0.3749,0,0,0,0,-nan,-nan,-nan,-nan
agnews-mxbai-1024-euclidean,adsampling,1.31734,3.01877,0.379811,0.9913,112,0,10,1000,0.2,1,1.37,4.301,0.3798,0,0,0,0,-nan,-nan,-nan,-nan
agnews-mxbai-1024-euclidean,adsampling,1.22762,2.83452,0.364934,0.9897,96,0,10,1000,0.2,1,1.271,3.838,0.3649,0,0,0,0,-nan,-nan,-nan,-nan
agnews-mxbai-1024-euclidean,adsampling,1.10808,2.51716,0.325139,0.9879,80,0,10,1000,0.2,1,1.147,3.326,0.3251,0,0,0,0,-nan,-nan,-nan,-nan
agnews-mxbai-1024-euclidean,adsampling,0.971817,2.18285,0.292849,0.9856,64,0,10,1000,0.2,1,1.014,2.87,0.2928,0,0,0,0,-nan,-nan,-nan,-nan
agnews-mxbai-1024-euclidean,adsampling,0.931831,2.06635,0.28295,0.983201,56,0,10,1000,0.2,1,0.9589,2.586,0.2829,0,0,0,0,-nan,-nan,-nan,-nan
agnews-mxbai-1024-euclidean,adsampling,0.863286,1.90773,0.284102,0.980201,48,0,10,1000,0.2,1,0.8808,2.288,0.2841,0,0,0,0,-nan,-nan,-nan,-nan
agnews-mxbai-1024-euclidean,adsampling,0.79728,1.72824,0.25597,0.975101,40,0,10,1000,0.2,1,0.8136,2.155,0.256,0,0,0,0,-nan,-nan,-nan,-nan
agnews-mxbai-1024-euclidean,adsampling,0.735066,1.55913,0.241773,0.968001,32,0,10,1000,0.2,1,0.7471,1.811,0.2418,0,0,0,0,-nan,-nan,-nan,-nan
agnews-mxbai-1024-euclidean,adsampling,0.685441,1.4392,0.258835,0.963501,28,0,10,1000,0.2,1,0.6958,1.767,0.2588,0,0,0,0,-nan,-nan,-nan,-nan
agnews-mxbai-1024-euclidean,adsampling,0.662076,1.37805,0.228358,0.961601,26,0,10,1000,0.2,1,0.6686,1.538,0.2284,0,0,0,0,-nan,-nan,-nan,-nan
agnews-mxbai-1024-euclidean,adsampling,0.635813,1.32666,0.235812,0.958301,24,0,10,1000,0.2,1,0.6443,1.59,0.2358,0,0,0,0,-nan,-nan,-nan,-nan
agnews-mxbai-1024-euclidean,adsampling,0.627995,1.29529,0.224801,0.953501,22,0,10,1000,0.2,1,0.6351,1.584,0.2248,0,0,0,0,-nan,-nan,-nan,-nan
agnews-mxbai-1024-euclidean,adsampling,0.598413,1.20608,0.234038,0.949601,20,0,10,1000,0.2,1,0.6019,1.373,0.234,0,0,0,0,-nan,-nan,-nan,-nan
agnews-mxbai-1024-euclidean,adsampling,0.573695,1.16503,0.237295,0.9457,18,0,10,1000,0.2,1,0.5763,1.331,0.2373,0,0,0,0,-nan,-nan,-nan,-nan
agnews-mxbai-1024-euclidean,adsampling,0.552986,1.10919,0.227817,0.939901,16,0,10,1000,0.2,1,0.5541,1.133,0.2278,0,0,0,0,-nan,-nan,-nan,-nan
agnews-mxbai-1024-euclidean,adsampling,0.526814,1.03336,0.231834,0.933801,14,0,10,1000,0.2,1,0.5291,1.142,0.2318,0,0,0,0,-nan,-nan,-nan,-nan
agnews-mxbai-1024-euclidean,adsampling,0.505007,0.968965,0.24001,0.924401,12,0,10,1000,0.2,1,0.5065,1.017,0.24,0,0,0,0,-nan,-nan,-nan,-nan
agnews-mxbai-1024-euclidean,adsampling,0.467598,0.850633,0.223018,0.914101,10,0,10,1000,0.2,1,0.4681,0.9621,0.223,0,0,0,0,-nan,-nan,-nan,-nan
agnews-mxbai-1024-euclidean,adsampling,0.45311,0.814155,0.2081,0.897301,8,0,10,1000,0.2,1,0.4552,0.9472,0.2081,0,0,0,0,-nan,-nan,-nan,-nan
agnews-mxbai-1024-euclidean,adsampling,0.392568,0.649457,0.205815,0.874401,6,0,10,1000,0.2,1,0.3946,0.711,0.2058,0,0,0,0,-nan,-nan,-nan,-nan
agnews-mxbai-1024-euclidean,adsampling,0.355318,0.558466,0.195666,0.832301,4,0,10,1000,0.2,1,0.3568,0.6425,0.1957,0,0,0,0,-nan,-nan,-nan,-nan
agnews-mxbai-1024-euclidean,adsampling,0.289506,0.414327,0.18665,0.7341,2,0,10,1000,0.2,1,0.2921,0.5387,0.1867,0,0,0,0,-nan,-nan,-nan,-nan
